{"cameraMode":{"drawMode":0,"name":"Shaded","section":"Shading Mode"},"sceneLighting":true,"audioPlay":false,"sceneViewState":{"m_AlwaysRefresh":false,"showFog":true,"showSkybox":true,"showFlares":true,"showImageEffects":true,"showParticleSystems":true,"showVisualEffectGraphs":true,"m_FxEnabled":true},"in2DMode":false,"pivot":{"x":3.2619824409484865,"y":7.738422393798828,"z":-3.3572916984558107},"rotation":{"x":-0.35985809564590456,"y":0.44852888584136965,"z":-0.20370501279830934,"w":-0.7923563122749329},"size":0.9360805153846741,"orthographic":false}